EventTime,EventType,Event
0.0,AGENT_TYPE,NoiseAgent
0.0,STARTING_CASH,10000000
1.6124832e+18,HOLDINGS_UPDATED,{'CASH': 10000000}
1.612483234993923e+18,BID_DEPTH,[]
1.612483234993923e+18,ASK_DEPTH,[]
1.612483234993923e+18,IMBALANCE,"[0, 0]"
1.612483234993923e+18,FINAL_HOLDINGS,{ CASH: 10000000 }
1.612483234993923e+18,FINAL_CASH_POSITION,10000000
1.612483234993923e+18,MARKED_TO_MARKET,10000000
1.612483234993923e+18,ENDING_CASH,10000000
1.612483234993923e+18,FINAL_VALUATION,0.0
